date,height,height_strict,limit_count,available_bars,pressure5,breakout5,pressure10,breakout10,pressure20,breakout20,gap,state,fold,leader_codes,leader_names,broken_height,broken_names,prior_break_pressure,next_height,future_max1,future_max3,future_max5,future_max10
2025-07-01,1,1,29,3173,,False,,False,,False,,深度压缩,前半段,sh600190|sh600192|sh600319|sh600353|sh600396|sh600595|sh600619|sh600643|sh600726|sh600744|sh600751|sh600990|sh601003|sh601218|sh601606|sh601718|sh603091|sh603124|sh603125|sh603203|sh603256|sh603316|sh603601|sh603716|sh603726|sh603823|sh603936|sh605006|sh605151,退市锦港、长城电工、亚星化学、旭光电子、华电辽能、中孚实业、海立股份、爱建集团、华电能源、华银电力、海航科技、四创电子、柳钢股份、吉鑫科技、长城军工、ST际华、众鑫股份、江南新材、常青科技、快克智能、宏和科技、诚邦股份、再升科技、塞力医疗、朗迪集团、百合花、博敏电子、山东玻纤、西上海,0,,,2.0,2.0,4.0,4.0,6.0
2025-07-02,2,2,52,3173,,False,,False,,False,,深度压缩,前半段,sh600192|sh600319|sh601003|sh601218|sh603316|sh603601|sh603716|sh605151,长城电工、亚星化学、柳钢股份、吉鑫科技、诚邦股份、再升科技、塞力医疗、西上海,0,,,3.0,3.0,4.0,5.0,6.0
2025-07-03,3,3,54,3172,,False,,False,,False,,深度压缩,前半段,sh601003|sh601218|sh603316|sh603716,柳钢股份、吉鑫科技、诚邦股份、塞力医疗,0,,,4.0,4.0,4.0,6.0,6.0
2025-07-04,4,4,33,3173,,False,,False,,False,,深度压缩,前半段,sh601003|sh603716,柳钢股份、塞力医疗,0,,,3.0,3.0,5.0,6.0,6.0
2025-07-07,3,3,56,3172,,False,,False,,False,,深度压缩,前半段,sh600475|sh600744|sh605500|sz002636|sz002721,华光环能、华银电力、森林包装、金安国纪、金一文化,4,柳钢股份、塞力医疗,,4.0,4.0,6.0,6.0,6.0
2025-07-08,4,4,59,3170,4.0,False,,False,,False,0.0,触压,前半段,sh600475|sh600744|sh605500|sz002636,华光环能、华银电力、森林包装、金安国纪,0,,4.0,5.0,5.0,6.0,6.0,6.0
2025-07-09,5,5,43,3172,4.0,True,,False,,False,1.0,突破,前半段,sh600475|sh600744|sh605500|sz002636,华光环能、华银电力、森林包装、金安国纪,0,,4.0,6.0,6.0,6.0,6.0,6.0
2025-07-10,6,6,58,3173,5.0,False,,False,,False,1.0,突破,前半段,sh600475|sh605500,华光环能、森林包装,0,,4.0,5.0,5.0,5.0,5.0,6.0
2025-07-11,5,5,53,3174,6.0,False,,False,,False,-1.0,压下一板,前半段,sh600962|sh605122,国投中鲁、四方新材,6,华光环能、森林包装,4.0,4.0,4.0,4.0,6.0,6.0
2025-07-14,4,4,58,3173,6.0,False,,False,,False,-2.0,深度压缩,前半段,sh603778,国晟科技,5,国投中鲁、四方新材,6.0,3.0,3.0,5.0,6.0,6.0
2025-07-15,3,3,38,3172,6.0,False,6.0,False,,False,-3.0,深度压缩,前半段,sh600822|sh600826|sh603176|sh605259|sz002209|sz002645,上海物贸、兰生股份、汇通集团、绿田机械、达 意 隆、华宏科技,4,国晟科技,5.0,4.0,4.0,6.0,6.0,7.0
2025-07-16,4,4,50,3170,6.0,False,6.0,False,,False,-2.0,深度压缩,前半段,sh600822|sh600826|sz002209|sz002645,上海物贸、兰生股份、达 意 隆、华宏科技,0,,4.0,5.0,5.0,6.0,6.0,8.0
2025-07-17,5,5,50,3170,6.0,False,6.0,False,,False,-1.0,压下一板,前半段,sh600822|sh600826,上海物贸、兰生股份,0,,4.0,6.0,6.0,6.0,6.0,9.0
2025-07-18,6,6,38,3170,5.0,True,6.0,False,,False,1.0,突破,前半段,sh600826,兰生股份,0,,4.0,3.0,3.0,4.0,5.0,9.0
2025-07-21,3,3,101,3171,6.0,False,6.0,False,,False,-3.0,深度压缩,前半段,sh600829|sh601003|sh605033|sz002246|sz002265,人民同泰、柳钢股份、美邦股份、北化股份、建设工业,6,兰生股份,4.0,4.0,4.0,4.0,6.0,9.0
2025-07-22,4,4,84,3168,6.0,False,6.0,False,,False,-2.0,深度压缩,前半段,sh601003|sh605033|sz002246,柳钢股份、美邦股份、北化股份,0,,6.0,4.0,4.0,5.0,7.0,9.0
2025-07-23,4,4,43,3171,6.0,False,6.0,False,,False,-2.0,深度压缩,前半段,sz001360,南矿集团,4,柳钢股份、美邦股份、北化股份,6.0,4.0,4.0,6.0,8.0,9.0
2025-07-24,4,4,61,3170,6.0,False,6.0,False,,False,-2.0,深度压缩,前半段,sh600117|sh600326|sh600528|sh600749|sh601669|sh603280|sh603616|sh603916|sz002037|sz002097|sz002827,西宁特钢、西藏天路、中铁工业、西藏旅游、中国电建、南方路机、韩建河山、苏博特、保利联合、山河智能、高争民爆,4,南矿集团,4.0,5.0,5.0,7.0,9.0,9.0
2025-07-25,5,5,40,3170,6.0,False,6.0,False,,False,-1.0,压下一板,前半段,sh600117|sh600326|sh600749,西宁特钢、西藏天路、西藏旅游,0,,4.0,6.0,6.0,8.0,9.0,9.0
2025-07-28,6,6,48,3170,5.0,True,6.0,False,,False,1.0,突破,前半段,sh600749,西藏旅游,0,,4.0,7.0,7.0,9.0,9.0,9.0
2025-07-29,7,7,35,3175,6.0,False,6.0,True,6.0,True,1.0,突破,前半段,sh600749,西藏旅游,0,,4.0,8.0,8.0,9.0,9.0,9.0
2025-07-30,8,8,42,3176,7.0,False,7.0,False,7.0,False,1.0,突破,前半段,sh600749,西藏旅游,0,,4.0,9.0,9.0,9.0,9.0,9.0
2025-07-31,9,9,34,3175,8.0,False,8.0,False,8.0,False,1.0,突破,前半段,sh600749,西藏旅游,0,,4.0,3.0,3.0,4.0,5.0,5.0
2025-08-01,3,3,30,3175,9.0,False,9.0,False,9.0,False,-6.0,深度压缩,前半段,sz001331|sz002287,胜通能源、奇正藏药,9,西藏旅游,4.0,4.0,4.0,5.0,5.0,5.0
2025-08-04,4,4,41,3173,9.0,False,9.0,False,9.0,False,-5.0,深度压缩,前半段,sz001331,胜通能源,0,,9.0,4.0,4.0,5.0,5.0,6.0
2025-08-05,4,4,44,3172,9.0,False,9.0,False,9.0,False,-5.0,深度压缩,前半段,sh603059|sz002775,倍加洁、文科股份,4,胜通能源,9.0,5.0,5.0,5.0,5.0,6.0
2025-08-06,5,5,47,3172,9.0,False,9.0,False,9.0,False,-4.0,深度压缩,前半段,sh603059,倍加洁,0,,4.0,5.0,5.0,5.0,5.0,6.0
2025-08-07,5,5,49,3171,9.0,False,9.0,False,9.0,False,-4.0,深度压缩,前半段,sh603767,中马传动,5,倍加洁,4.0,5.0,5.0,5.0,5.0,6.0
2025-08-08,5,5,51,3172,5.0,False,9.0,False,9.0,False,0.0,触压,前半段,sz002046,国机精工,5,中马传动,5.0,3.0,3.0,5.0,5.0,6.0
2025-08-11,3,3,67,3174,5.0,False,9.0,False,9.0,False,-2.0,深度压缩,前半段,sh601929|sh605598,吉视传媒、上海港湾,5,国机精工,5.0,4.0,4.0,5.0,6.0,6.0
2025-08-12,4,4,44,3175,5.0,False,9.0,False,9.0,False,-1.0,压下一板,前半段,sh601929,吉视传媒,0,,5.0,5.0,5.0,5.0,6.0,7.0
2025-08-13,5,5,82,3172,5.0,False,9.0,False,9.0,False,0.0,触压,前半段,sh601929,吉视传媒,0,,5.0,4.0,4.0,6.0,6.0,7.0
2025-08-14,4,4,41,3171,5.0,False,9.0,False,9.0,False,-1.0,压下一板,前半段,sh603757,大元泵业,5,吉视传媒,5.0,5.0,5.0,6.0,6.0,7.0
2025-08-15,5,5,70,3170,5.0,False,5.0,False,9.0,False,0.0,触压,前半段,sh603757,大元泵业,0,,5.0,6.0,6.0,6.0,6.0,7.0
2025-08-18,6,6,78,3170,5.0,True,5.0,True,9.0,False,1.0,突破,前半段,sh603757,大元泵业,0,,5.0,4.0,4.0,5.0,6.0,7.0
2025-08-19,4,4,74,3173,6.0,False,6.0,False,9.0,False,-2.0,深度压缩,前半段,sh603222,济民健康,6,大元泵业,5.0,5.0,5.0,6.0,7.0,8.0
2025-08-20,5,5,78,3171,6.0,False,6.0,False,9.0,False,-1.0,压下一板,前半段,sh603222,济民健康,0,,6.0,5.0,5.0,6.0,7.0,9.0
2025-08-21,5,5,38,3173,6.0,False,6.0,False,9.0,False,-1.0,压下一板,前半段,sh603626,科森科技,5,济民健康,6.0,6.0,6.0,7.0,7.0,9.0
2025-08-22,6,6,55,3174,6.0,False,6.0,False,9.0,False,0.0,触压,前半段,sh603626,科森科技,0,,5.0,6.0,6.0,7.0,7.0,9.0
2025-08-25,6,6,65,3174,6.0,False,6.0,False,9.0,False,0.0,触压,前半段,sh605303,园林股份,6,科森科技,5.0,7.0,7.0,7.0,7.0,9.0
2025-08-26,7,7,61,3174,6.0,True,6.0,True,9.0,False,1.0,突破,前半段,sh605303,园林股份,0,,6.0,4.0,4.0,6.0,8.0,10.0
2025-08-27,4,4,39,3174,7.0,False,7.0,False,9.0,False,-3.0,深度压缩,前半段,sh605255,天普股份,7,园林股份,6.0,5.0,5.0,7.0,9.0,11.0
2025-08-28,5,5,47,3174,7.0,False,7.0,False,9.0,False,-2.0,深度压缩,前半段,sh605255,天普股份,0,,7.0,6.0,6.0,8.0,9.0,11.0
2025-08-29,6,6,56,3174,7.0,False,7.0,False,7.0,False,-1.0,压下一板,前半段,sh605255,天普股份,0,,7.0,7.0,7.0,9.0,9.0,11.0
2025-09-01,7,7,87,3173,7.0,False,7.0,False,7.0,False,0.0,触压,前半段,sh605255,天普股份,0,,7.0,8.0,8.0,9.0,9.0,11.0
2025-09-02,8,8,40,3174,7.0,True,7.0,True,7.0,True,1.0,突破,前半段,sh605255,天普股份,0,,7.0,9.0,9.0,9.0,10.0,11.0
2025-09-03,9,9,26,3175,8.0,False,8.0,False,8.0,False,1.0,突破,前半段,sh605255,天普股份,0,,7.0,3.0,3.0,4.0,11.0,11.0
2025-09-04,3,3,34,3174,9.0,False,9.0,False,9.0,False,-6.0,深度压缩,前半段,sh603839,安正时尚,0,,7.0,4.0,4.0,10.0,11.0,12.0
2025-09-05,4,4,73,3174,9.0,False,9.0,False,9.0,False,-5.0,深度压缩,前半段,sh603839,安正时尚,0,,7.0,4.0,4.0,11.0,11.0,13.0
2025-09-08,4,4,58,3176,9.0,False,9.0,False,9.0,False,-5.0,深度压缩,前半段,sh600376,首开股份,4,安正时尚,7.0,10.0,10.0,11.0,11.0,14.0
2025-09-09,10,5,47,3176,9.0,True,9.0,True,9.0,True,1.0,突破,前半段,sh605255,天普股份,0,,4.0,11.0,11.0,11.0,11.0,15.0
2025-09-10,11,6,45,3177,10.0,False,10.0,False,10.0,False,1.0,突破,前半段,sh605255,天普股份,0,,4.0,3.0,3.0,4.0,4.0,15.0
2025-09-11,3,3,75,3174,11.0,False,11.0,False,11.0,False,-8.0,深度压缩,前半段,sh600103|sh601116|sh603516|sz000718,青山纸业、三江购物、淳中科技、苏宁环球,0,,4.0,4.0,4.0,4.0,12.0,15.0
2025-09-12,4,4,62,3176,11.0,False,11.0,False,11.0,False,-7.0,深度压缩,前半段,sh600103|sh603516|sz000718,青山纸业、淳中科技、苏宁环球,0,,4.0,3.0,3.0,4.0,13.0,15.0
2025-09-15,3,3,57,3175,11.0,False,11.0,False,11.0,False,-8.0,深度压缩,前半段,sh600629,华建集团,4,青山纸业、淳中科技、苏宁环球,4.0,4.0,4.0,12.0,14.0,15.0
2025-09-16,4,4,61,3176,11.0,False,11.0,False,11.0,False,-7.0,深度压缩,前半段,sh600629,华建集团,0,,4.0,4.0,4.0,13.0,15.0,15.0
2025-09-17,4,4,59,3175,11.0,False,11.0,False,11.0,False,-7.0,深度压缩,前半段,sh600162|sh600170|sh600376|sz000981,香江控股、上海建工、首开股份、山子高科,4,华建集团,4.0,12.0,12.0,14.0,15.0,15.0
2025-09-18,12,5,47,3175,4.0,True,11.0,True,11.0,True,8.0,突破,前半段,sh605255,天普股份,0,,4.0,13.0,13.0,15.0,15.0,15.0
2025-09-19,13,5,46,3176,12.0,False,12.0,False,12.0,False,1.0,突破,前半段,sh605255,天普股份,0,,4.0,14.0,14.0,15.0,15.0,15.0
2025-09-22,14,5,55,3174,13.0,False,13.0,False,13.0,False,1.0,突破,前半段,sh605255,天普股份,0,,4.0,15.0,15.0,15.0,15.0,15.0
2025-09-23,15,6,45,3177,14.0,False,14.0,False,14.0,False,1.0,突破,前半段,sh605255,天普股份,0,,4.0,4.0,4.0,5.0,7.0,7.0
2025-09-24,4,4,65,3175,15.0,False,15.0,False,15.0,False,-11.0,深度压缩,前半段,sz002453,华软科技,0,,4.0,5.0,5.0,6.0,7.0,7.0
2025-09-25,5,5,37,3175,15.0,False,15.0,False,15.0,False,-10.0,深度压缩,前半段,sz002453,华软科技,0,,4.0,5.0,5.0,7.0,7.0,7.0
2025-09-26,5,5,41,3175,15.0,False,15.0,False,15.0,False,-10.0,深度压缩,前半段,sz002513,蓝丰生化,5,华软科技,4.0,6.0,6.0,7.0,7.0,7.0
2025-09-29,6,6,46,3171,15.0,False,15.0,False,15.0,False,-9.0,深度压缩,前半段,sz002513,蓝丰生化,0,,5.0,7.0,7.0,7.0,7.0,7.0
2025-09-30,7,7,40,3173,15.0,False,15.0,False,15.0,False,-8.0,深度压缩,前半段,sz002513,蓝丰生化,0,,5.0,3.0,3.0,4.0,4.0,7.0
2025-10-09,3,3,74,3168,7.0,False,15.0,False,15.0,False,-4.0,深度压缩,前半段,sz000981,山子高科,7,蓝丰生化,5.0,3.0,3.0,4.0,4.0,8.0
2025-10-10,3,3,53,3169,7.0,False,15.0,False,15.0,False,-4.0,深度压缩,前半段,sh603011,合锻智能,3,山子高科,7.0,4.0,4.0,4.0,4.0,8.0
2025-10-13,4,4,48,3170,7.0,False,15.0,False,15.0,False,-3.0,深度压缩,前半段,sh603011,合锻智能,0,,3.0,4.0,4.0,4.0,5.0,8.0
2025-10-14,4,4,35,3170,7.0,False,15.0,False,15.0,False,-3.0,深度压缩,前半段,sh600078|sz000969,澄星股份、安泰科技,4,合锻智能,3.0,3.0,3.0,4.0,6.0,8.0
2025-10-15,3,3,59,3170,7.0,False,15.0,False,15.0,False,-4.0,深度压缩,前半段,sh605188,国光连锁,4,澄星股份、安泰科技,4.0,3.0,3.0,5.0,7.0,8.0
2025-10-16,3,3,36,3173,4.0,False,7.0,False,15.0,False,-1.0,压下一板,前半段,sh600403|sz000626|sz002370|sz002942,大有能源、远大控股、亚太药业、新农股份,3,国光连锁,4.0,4.0,4.0,6.0,8.0,8.0
2025-10-17,4,4,35,3176,4.0,False,7.0,False,15.0,False,0.0,触压,前半段,sh600403|sz000626,大有能源、远大控股,0,,3.0,5.0,5.0,7.0,8.0,8.0
2025-10-20,5,5,67,3175,4.0,True,7.0,False,15.0,False,1.0,突破,前半段,sh600403|sz000626,大有能源、远大控股,0,,3.0,6.0,6.0,8.0,8.0,8.0
2025-10-21,6,6,66,3174,5.0,False,7.0,False,15.0,False,1.0,突破,前半段,sh600403,大有能源,0,,3.0,7.0,7.0,8.0,8.0,8.0
2025-10-22,7,7,53,3174,6.0,False,7.0,False,15.0,False,1.0,突破,前半段,sh600403,大有能源,0,,3.0,8.0,8.0,8.0,8.0,8.0
2025-10-23,8,8,49,3176,7.0,False,7.0,True,15.0,False,1.0,突破,前半段,sh600403,大有能源,0,,3.0,5.0,5.0,7.0,7.0,8.0
2025-10-24,5,5,50,3177,8.0,False,8.0,False,15.0,False,-3.0,深度压缩,前半段,sz000620,盈新发展,8,大有能源,3.0,6.0,6.0,7.0,8.0,9.0
2025-10-27,6,6,46,3178,8.0,False,8.0,False,15.0,False,-2.0,深度压缩,前半段,sz000620,盈新发展,0,,8.0,7.0,7.0,7.0,8.0,9.0
2025-10-28,7,7,50,3177,8.0,False,8.0,False,15.0,False,-1.0,压下一板,前半段,sz000620,盈新发展,0,,8.0,6.0,6.0,8.0,8.0,9.0
2025-10-29,6,5,51,3178,8.0,False,8.0,False,15.0,False,-2.0,深度压缩,前半段,sh605178,时空科技,7,盈新发展,8.0,7.0,7.0,8.0,8.0,9.0
2025-10-30,7,6,43,3176,8.0,False,8.0,False,8.0,False,-1.0,压下一板,前半段,sh605178,时空科技,0,,7.0,8.0,8.0,8.0,8.0,9.0
2025-10-31,8,7,48,3178,7.0,True,8.0,False,8.0,False,1.0,突破,前半段,sh605178,时空科技,0,,7.0,5.0,5.0,7.0,9.0,9.0
2025-11-03,5,5,58,3177,8.0,False,8.0,False,8.0,False,-3.0,深度压缩,前半段,sh603122,合富中国,8,时空科技,7.0,6.0,6.0,8.0,9.0,9.0
2025-11-04,6,6,45,3176,8.0,False,8.0,False,8.0,False,-2.0,深度压缩,前半段,sh603122,合富中国,0,,8.0,7.0,7.0,9.0,9.0,9.0
2025-11-05,7,7,58,3177,8.0,False,8.0,False,8.0,False,-1.0,压下一板,前半段,sh603122,合富中国,0,,8.0,8.0,8.0,9.0,9.0,9.0
2025-11-06,8,8,58,3177,8.0,False,8.0,False,8.0,False,0.0,触压,前半段,sh603122,合富中国,0,,8.0,9.0,9.0,9.0,9.0,9.0
2025-11-07,9,9,49,3177,8.0,True,8.0,True,8.0,True,1.0,突破,前半段,sh603122,合富中国,0,,8.0,5.0,5.0,7.0,8.0,8.0
2025-11-10,5,5,63,3180,9.0,False,9.0,False,9.0,False,-4.0,深度压缩,前半段,sz002451,摩恩电气,9,合富中国,8.0,6.0,6.0,8.0,8.0,8.0
2025-11-11,6,6,55,3179,9.0,False,9.0,False,9.0,False,-3.0,深度压缩,前半段,sz002451,摩恩电气,0,,9.0,7.0,7.0,8.0,8.0,8.0
2025-11-12,7,7,54,3181,9.0,False,9.0,False,9.0,False,-2.0,深度压缩,前半段,sz002451,摩恩电气,0,,9.0,8.0,8.0,8.0,8.0,8.0
2025-11-13,8,8,76,3180,9.0,False,9.0,False,9.0,False,-1.0,压下一板,前半段,sz002451,摩恩电气,0,,9.0,7.0,7.0,8.0,8.0,8.0
2025-11-14,7,7,63,3179,9.0,False,9.0,False,9.0,False,-2.0,深度压缩,前半段,sz002083,孚日股份,8,摩恩电气,9.0,8.0,8.0,8.0,8.0,8.0
2025-11-17,8,8,73,3178,8.0,False,9.0,False,9.0,False,0.0,触压,前半段,sz002083,孚日股份,0,,8.0,6.0,6.0,7.0,7.0,7.0
2025-11-18,6,6,39,3179,8.0,False,9.0,False,9.0,False,-2.0,深度压缩,前半段,sz000407,胜利股份,8,孚日股份,8.0,6.0,6.0,7.0,7.0,7.0
2025-11-19,6,6,48,3181,8.0,False,9.0,False,9.0,False,-2.0,深度压缩,前半段,sh601566|sz003041,九牧王、真爱美家,6,胜利股份,8.0,7.0,7.0,7.0,7.0,7.0
2025-11-20,7,7,38,3179,8.0,False,9.0,False,9.0,False,-1.0,压下一板,前半段,sh601566,九牧王,0,,6.0,6.0,6.0,7.0,7.0,7.0
2025-11-21,6,6,25,3180,8.0,False,9.0,False,9.0,False,-2.0,深度压缩,前半段,sz000798,中水渔业,7,九牧王,6.0,7.0,7.0,7.0,7.0,7.0
2025-11-24,7,7,59,3178,8.0,False,8.0,False,9.0,False,-1.0,压下一板,前半段,sz000798,中水渔业,0,,7.0,5.0,5.0,5.0,6.0,7.0
2025-11-25,5,5,68,3177,7.0,False,8.0,False,9.0,False,-2.0,深度压缩,前半段,sh603216,梦天家居,7,中水渔业,7.0,5.0,5.0,5.0,7.0,7.0
2025-11-26,5,5,58,3176,7.0,False,8.0,False,9.0,False,-2.0,深度压缩,前半段,sh600734,实达集团,5,梦天家居,7.0,4.0,4.0,6.0,7.0,7.0
2025-11-27,4,4,43,3175,7.0,False,8.0,False,9.0,False,-3.0,深度压缩,前半段,sz000952|sz003018,广济药业、金富科技,5,实达集团,5.0,5.0,5.0,7.0,7.0,7.0
2025-11-28,5,5,66,3175,7.0,False,8.0,False,9.0,False,-2.0,深度压缩,前半段,sz003018,金富科技,0,,5.0,6.0,6.0,7.0,7.0,7.0
2025-12-01,6,6,56,3174,7.0,False,8.0,False,9.0,False,-1.0,压下一板,前半段,sz003018,金富科技,0,,5.0,7.0,7.0,7.0,7.0,7.0
2025-12-02,7,7,43,3176,6.0,True,7.0,False,9.0,False,1.0,突破,前半段,sz003018,金富科技,0,,5.0,6.0,6.0,6.0,6.0,6.0
2025-12-03,6,6,48,3179,7.0,False,7.0,False,9.0,False,-1.0,压下一板,前半段,sz000078|sz002702,海王生物、海欣食品,7,金富科技,5.0,3.0,3.0,5.0,6.0,6.0
2025-12-04,3,3,33,3178,7.0,False,7.0,False,9.0,False,-4.0,深度压缩,前半段,sh603696|sz002300|sz002348,安记食品、太阳电缆、高乐股份,6,海王生物、海欣食品,7.0,4.0,4.0,6.0,6.0,6.0
2025-12-05,4,4,64,3177,7.0,False,7.0,False,9.0,False,-3.0,深度压缩,前半段,sh603696|sz002300,安记食品、太阳电缆,0,,6.0,5.0,5.0,6.0,6.0,6.0
2025-12-08,5,5,67,3177,7.0,False,7.0,False,8.0,False,-2.0,深度压缩,前半段,sh603696,安记食品,0,,6.0,6.0,6.0,6.0,6.0,7.0
2025-12-09,6,6,48,3177,7.0,False,7.0,False,8.0,False,-1.0,压下一板,前半段,sh603696,安记食品,0,,6.0,6.0,6.0,6.0,6.0,8.0
2025-12-10,6,6,53,3173,6.0,False,7.0,False,8.0,False,0.0,触压,前半段,sz002682,龙洲股份,6,安记食品,6.0,5.0,5.0,6.0,6.0,9.0
2025-12-11,5,5,28,3175,6.0,False,7.0,False,8.0,False,-1.0,压下一板,前半段,sh600693,东百集团,6,龙洲股份,6.0,5.0,5.0,6.0,6.0,10.0
2025-12-12,5,5,68,3177,6.0,False,7.0,False,8.0,False,-1.0,压下一板,前半段,sh603601,再升科技,5,东百集团,6.0,6.0,6.0,6.0,6.0,11.0
2025-12-15,6,6,54,3175,6.0,False,7.0,False,8.0,False,0.0,触压,前半段,sh603601,再升科技,0,,5.0,4.0,4.0,6.0,7.0,12.0
2025-12-16,4,4,38,3177,6.0,False,7.0,False,7.0,False,-2.0,深度压缩,前半段,sh600865|sz000890|sz001208,百大集团、法尔胜、华菱线缆,6,再升科技,5.0,5.0,5.0,6.0,8.0,12.0
2025-12-17,5,5,46,3178,6.0,False,6.0,False,7.0,False,-1.0,压下一板,前半段,sh600865,百大集团,0,,6.0,6.0,6.0,7.0,9.0,12.0
2025-12-18,6,6,54,3180,6.0,False,6.0,False,7.0,False,0.0,触压,前半段,sh600865,百大集团,0,,6.0,6.0,6.0,8.0,10.0,12.0
2025-12-19,6,6,69,3179,6.0,False,6.0,False,7.0,False,0.0,触压,前半段,sz001331,胜通能源,6,百大集团,6.0,7.0,7.0,9.0,11.0,13.0
2025-12-22,7,7,75,3178,6.0,True,6.0,True,7.0,False,1.0,突破,前半段,sz001331,胜通能源,0,,6.0,8.0,8.0,10.0,12.0,14.0
2025-12-23,8,8,49,3181,7.0,False,7.0,False,7.0,True,1.0,突破,前半段,sz001331,胜通能源,0,,6.0,9.0,9.0,11.0,12.0,14.0
2025-12-24,9,9,68,3181,8.0,False,8.0,False,8.0,False,1.0,突破,前半段,sz001331,胜通能源,0,,6.0,10.0,10.0,12.0,12.0,14.0
2025-12-25,10,10,74,3184,9.0,False,9.0,False,9.0,False,1.0,突破,前半段,sz001331,胜通能源,0,,6.0,11.0,11.0,12.0,12.0,14.0
2025-12-26,11,11,74,3183,10.0,False,10.0,False,10.0,False,1.0,突破,前半段,sz001331,胜通能源,0,,6.0,12.0,12.0,12.0,13.0,14.0
2025-12-29,12,12,66,3182,11.0,False,11.0,False,11.0,False,1.0,突破,前半段,sz001331,胜通能源,0,,6.0,10.0,10.0,10.0,14.0,14.0
2025-12-30,10,10,49,3182,12.0,False,12.0,False,12.0,False,-2.0,深度压缩,前半段,sz002969,嘉美包装,0,,6.0,6.0,6.0,13.0,14.0,14.0
2025-12-31,6,6,51,3181,12.0,False,12.0,False,12.0,False,-6.0,深度压缩,前半段,sh603278|sz002931,大业股份、锋龙股份,10,嘉美包装,6.0,7.0,7.0,14.0,14.0,14.0
2026-01-05,7,6,78,3181,12.0,False,12.0,False,12.0,False,-5.0,深度压缩,前半段,sz002931,锋龙股份,0,,10.0,13.0,13.0,14.0,14.0,14.0
2026-01-06,13,7,100,3183,12.0,True,12.0,True,12.0,True,1.0,突破,前半段,sz001331,胜通能源,0,,10.0,14.0,14.0,14.0,14.0,15.0
2026-01-07,14,8,65,3183,13.0,False,13.0,False,13.0,False,1.0,突破,前半段,sz001331,胜通能源,0,,10.0,10.0,10.0,12.0,13.0,16.0
2026-01-08,10,9,80,3182,14.0,False,14.0,False,14.0,False,-4.0,深度压缩,前半段,sz002931,锋龙股份,14,胜通能源,10.0,11.0,11.0,13.0,13.0,17.0
2026-01-09,11,10,82,3181,14.0,False,14.0,False,14.0,False,-3.0,深度压缩,前半段,sz002931,锋龙股份,0,,14.0,12.0,12.0,13.0,13.0,18.0
2026-01-12,12,11,128,3181,14.0,False,14.0,False,14.0,False,-2.0,深度压缩,前半段,sz002931,锋龙股份,0,,14.0,13.0,13.0,13.0,14.0,18.0
2026-01-13,13,12,54,3178,14.0,False,14.0,False,14.0,False,-1.0,压下一板,前半段,sz002931,锋龙股份,0,,14.0,5.0,5.0,5.0,15.0,18.0
2026-01-14,5,5,81,3179,14.0,False,14.0,False,14.0,False,-9.0,深度压缩,前半段,sz003007,直真科技,0,,14.0,4.0,4.0,14.0,16.0,18.0
2026-01-15,4,4,52,3183,13.0,False,14.0,False,14.0,False,-9.0,深度压缩,前半段,sh603000|sz001255,人民网、博菲电气,5,直真科技,14.0,5.0,5.0,15.0,17.0,18.0
2026-01-16,5,5,49,3183,13.0,False,14.0,False,14.0,False,-8.0,深度压缩,前半段,sz001255,博菲电气,0,,5.0,14.0,14.0,16.0,18.0,18.0
2026-01-19,14,4,82,3184,13.0,True,14.0,False,14.0,False,1.0,突破,前半段,sz002931,锋龙股份,5,博菲电气,5.0,15.0,15.0,17.0,18.0,18.0
2026-01-20,15,3,51,3187,14.0,False,14.0,True,14.0,True,1.0,突破,前半段,sz002931,锋龙股份,0,,5.0,16.0,16.0,18.0,18.0,18.0
2026-01-21,16,4,74,3185,15.0,False,15.0,False,15.0,False,1.0,突破,前半段,sz002931,锋龙股份,0,,5.0,17.0,17.0,18.0,18.0,18.0
2026-01-22,17,4,64,3186,16.0,False,16.0,False,16.0,False,1.0,突破,前半段,sz002931,锋龙股份,0,,5.0,18.0,18.0,18.0,18.0,18.0
2026-01-23,18,5,83,3187,17.0,False,17.0,False,17.0,False,1.0,突破,前半段,sz002931,锋龙股份,0,,5.0,5.0,5.0,7.0,8.0,8.0
2026-01-26,5,5,60,3184,18.0,False,18.0,False,18.0,False,-13.0,深度压缩,前半段,sh601212,白银有色,0,,5.0,6.0,6.0,8.0,8.0,8.0
2026-01-27,6,6,47,3185,18.0,False,18.0,False,18.0,False,-12.0,深度压缩,前半段,sh601212,白银有色,0,,5.0,7.0,7.0,8.0,8.0,8.0
2026-01-28,7,7,75,3184,18.0,False,18.0,False,18.0,False,-11.0,深度压缩,前半段,sh601212,白银有色,0,,5.0,8.0,8.0,8.0,8.0,8.0
2026-01-29,8,8,78,3185,18.0,False,18.0,False,18.0,False,-10.0,深度压缩,前半段,sh601212,白银有色,0,,5.0,5.0,5.0,5.0,5.0,5.0
2026-01-30,5,5,42,3184,18.0,False,18.0,False,18.0,False,-13.0,深度压缩,前半段,sz002155,湖南黄金,8,白银有色,5.0,3.0,3.0,4.0,4.0,5.0
2026-02-02,3,3,32,3185,8.0,False,18.0,False,18.0,False,-5.0,深度压缩,前半段,sh603103|sh603172|sz000995,横店影视、万丰股份、皇台酒业,5,湖南黄金,8.0,4.0,4.0,4.0,5.0,5.0
2026-02-03,4,4,62,3186,8.0,False,18.0,False,18.0,False,-4.0,深度压缩,前半段,sh603103|sh603172|sz000995,横店影视、万丰股份、皇台酒业,0,,5.0,4.0,4.0,4.0,5.0,5.0
2026-02-04,4,4,59,3188,8.0,False,18.0,False,18.0,False,-4.0,深度压缩,前半段,sh603618|sz002830,杭电股份、名雕股份,4,横店影视、万丰股份、皇台酒业,5.0,3.0,3.0,5.0,5.0,6.0
2026-02-05,3,3,40,3188,8.0,False,18.0,False,18.0,False,-5.0,深度压缩,前半段,sh600683|sh603616,京投发展、韩建河山,4,杭电股份、名雕股份,4.0,4.0,4.0,5.0,5.0,7.0
2026-02-06,4,3,54,3187,5.0,False,18.0,False,18.0,False,-1.0,压下一板,前半段,sh603616,韩建河山,0,,4.0,5.0,5.0,5.0,5.0,7.0
2026-02-09,5,4,74,3186,4.0,True,8.0,False,18.0,False,1.0,突破,前半段,sh603616,韩建河山,0,,4.0,3.0,3.0,4.0,5.0,7.0
2026-02-10,3,3,52,3188,5.0,False,8.0,False,18.0,False,-2.0,深度压缩,前半段,sz002455,百川股份,5,韩建河山,4.0,4.0,4.0,5.0,5.0,7.0
2026-02-11,4,4,48,3187,5.0,False,8.0,False,18.0,False,-1.0,压下一板,前半段,sz002455,百川股份,0,,5.0,4.0,4.0,5.0,6.0,7.0
2026-02-12,4,4,56,3190,5.0,False,8.0,False,18.0,False,-1.0,压下一板,前半段,sh600589|sh603533|sh605287|sz002323,大位科技、掌阅科技、德才股份、雅博股份,4,百川股份,5.0,5.0,5.0,5.0,7.0,7.0
2026-02-13,5,5,29,3188,5.0,False,5.0,False,18.0,False,0.0,触压,前半段,sh603533,掌阅科技,0,,4.0,4.0,4.0,6.0,7.0,7.0
2026-02-24,4,4,86,3188,5.0,False,5.0,False,18.0,False,-1.0,压下一板,前半段,sh605033|sz001896,美邦股份、豫能控股,5,掌阅科技,4.0,5.0,5.0,7.0,7.0,7.0
2026-02-25,5,5,66,3186,5.0,False,5.0,False,18.0,False,0.0,触压,前半段,sz001896,豫能控股,0,,5.0,6.0,6.0,7.0,7.0,7.0
2026-02-26,6,6,54,3185,5.0,True,5.0,True,18.0,False,1.0,突破,前半段,sz001896,豫能控股,0,,5.0,7.0,7.0,7.0,7.0,7.0
2026-02-27,7,7,69,3183,6.0,False,6.0,False,18.0,False,1.0,突破,前半段,sz001896,豫能控股,0,,5.0,3.0,3.0,4.0,4.0,5.0
2026-03-02,3,3,81,3182,7.0,False,7.0,False,18.0,False,-4.0,深度压缩,前半段,sh600498|sh603950|sz002843,烽火通信、长源东谷、泰嘉股份,7,豫能控股,5.0,3.0,3.0,4.0,4.0,5.0
2026-03-03,3,3,69,3184,7.0,False,7.0,False,8.0,False,-4.0,深度压缩,前半段,sh600108|sh603318|sh603353|sz002980,亚盛集团、水发燃气、和顺石油、华盛昌,3,烽火通信、长源东谷、泰嘉股份,7.0,4.0,4.0,4.0,5.0,5.0
2026-03-04,4,4,37,3185,7.0,False,7.0,False,8.0,False,-3.0,深度压缩,前半段,sh600108|sh603318,亚盛集团、水发燃气,0,,3.0,2.0,2.0,4.0,5.0,5.0
2026-03-05,2,2,55,3185,7.0,False,7.0,False,8.0,False,-5.0,深度压缩,前半段,sh600545|sh605268|sz000533|sz002339|sz002498|sz002877,卓郎智能、王力安防、顺钠股份、积成电子、汉缆股份、智能自控,4,亚盛集团、水发燃气,3.0,3.0,3.0,5.0,5.0,5.0
2026-03-06,3,3,68,3185,7.0,False,7.0,False,8.0,False,-4.0,深度压缩,前半段,sh600545|sh605268|sz000533|sz002498,卓郎智能、王力安防、顺钠股份、汉缆股份,0,,4.0,4.0,4.0,5.0,5.0,5.0
2026-03-09,4,4,35,3188,4.0,False,7.0,False,7.0,False,0.0,触压,前半段,sh605268|sz000533,王力安防、顺钠股份,0,,4.0,5.0,5.0,5.0,5.0,6.0
2026-03-10,5,5,49,3186,4.0,True,7.0,False,7.0,False,1.0,突破,前半段,sh605268,王力安防,0,,4.0,4.0,4.0,5.0,5.0,7.0
2026-03-11,4,4,50,3189,5.0,False,7.0,False,7.0,False,-1.0,压下一板,前半段,sh601789,宁波建工,5,王力安防,4.0,4.0,4.0,5.0,5.0,8.0
2026-03-12,4,4,47,3189,5.0,False,7.0,False,7.0,False,-1.0,压下一板,前半段,sz002445,中南文化,4,宁波建工,5.0,5.0,5.0,5.0,5.0,8.0
2026-03-13,5,5,57,3188,5.0,False,7.0,False,7.0,False,0.0,触压,前半段,sz002445,中南文化,0,,4.0,3.0,3.0,5.0,5.0,8.0
2026-03-16,3,3,42,3188,5.0,False,5.0,False,7.0,False,-2.0,深度压缩,后半段,sh600370|sz000890,三房巷、法尔胜,5,中南文化,4.0,4.0,4.0,5.0,6.0,8.0
2026-03-17,4,4,35,3189,5.0,False,5.0,False,7.0,False,-1.0,压下一板,后半段,sh600370|sz000890,三房巷、法尔胜,0,,5.0,5.0,5.0,5.0,7.0,8.0
2026-03-18,5,5,49,3189,5.0,False,5.0,False,7.0,False,0.0,触压,后半段,sh600370,三房巷,0,,5.0,4.0,4.0,6.0,8.0,8.0
2026-03-19,4,4,26,3188,5.0,False,5.0,False,7.0,False,-1.0,压下一板,后半段,sh600396|sz000020,华电辽能、深华发Ａ,5,三房巷,5.0,5.0,5.0,7.0,8.0,8.0
2026-03-20,5,5,27,3188,5.0,False,5.0,False,7.0,False,0.0,触压,后半段,sh600396|sz000020,华电辽能、深华发Ａ,0,,5.0,6.0,6.0,8.0,8.0,8.0
2026-03-23,6,6,25,3189,5.0,True,5.0,True,7.0,False,1.0,突破,后半段,sh600396,华电辽能,0,,5.0,7.0,7.0,8.0,8.0,8.0
2026-03-24,7,7,79,3189,6.0,False,6.0,False,7.0,False,1.0,突破,后半段,sh600396,华电辽能,0,,5.0,8.0,8.0,8.0,8.0,8.0
2026-03-25,8,8,79,3188,7.0,False,7.0,False,7.0,True,1.0,突破,后半段,sh600396,华电辽能,0,,5.0,3.0,3.0,5.0,5.0,7.0
2026-03-26,3,3,39,3187,8.0,False,8.0,False,8.0,False,-5.0,深度压缩,后半段,sh603538|sz000720|sz000722|sz002192,美诺华、新能泰山、湖南发展、融捷股份,8,华电辽能,5.0,4.0,4.0,5.0,5.0,7.0
2026-03-27,4,4,74,3184,8.0,False,8.0,False,8.0,False,-4.0,深度压缩,后半段,sh603538|sz000720|sz002192,美诺华、新能泰山、融捷股份,0,,8.0,5.0,5.0,5.0,6.0,7.0
2026-03-30,5,5,58,3181,8.0,False,8.0,False,8.0,False,-3.0,深度压缩,后半段,sh603538,美诺华,0,,8.0,4.0,4.0,5.0,7.0,7.0
2026-03-31,4,4,47,3181,8.0,False,8.0,False,8.0,False,-4.0,深度压缩,后半段,sz002361,神剑股份,5,美诺华,8.0,4.0,4.0,6.0,7.0,7.0
2026-04-01,4,4,50,3182,8.0,False,8.0,False,8.0,False,-4.0,深度压缩,后半段,sh600488,津药药业,4,神剑股份,5.0,5.0,5.0,7.0,7.0,7.0
2026-04-02,5,5,25,3182,5.0,False,8.0,False,8.0,False,0.0,触压,后半段,sh600488,津药药业,0,,4.0,6.0,6.0,7.0,7.0,7.0
2026-04-03,6,6,28,3183,5.0,True,8.0,False,8.0,False,1.0,突破,后半段,sh600488,津药药业,0,,4.0,7.0,7.0,7.0,7.0,7.0
2026-04-07,7,7,86,3183,6.0,False,8.0,False,8.0,False,1.0,突破,后半段,sh600488,津药药业,0,,4.0,4.0,4.0,5.0,6.0,7.0
2026-04-08,4,4,111,3187,7.0,False,8.0,False,8.0,False,-3.0,深度压缩,后半段,sz000586,汇源通信,7,津药药业,4.0,5.0,5.0,5.0,6.0,7.0
2026-04-09,5,5,52,3188,7.0,False,8.0,False,8.0,False,-2.0,深度压缩,后半段,sz000586,汇源通信,0,,7.0,4.0,4.0,6.0,6.0,7.0
2026-04-10,4,4,56,3189,7.0,False,7.0,False,8.0,False,-3.0,深度压缩,后半段,sh600743,华远控股,5,汇源通信,7.0,5.0,5.0,6.0,7.0,7.0
2026-04-13,5,5,54,3189,7.0,False,7.0,False,8.0,False,-2.0,深度压缩,后半段,sh600743,华远控股,0,,5.0,6.0,6.0,6.0,7.0,7.0
2026-04-14,6,6,49,3190,7.0,False,7.0,False,8.0,False,-1.0,压下一板,后半段,sh600743,华远控股,0,,5.0,5.0,5.0,7.0,7.0,7.0
2026-04-15,5,5,53,3190,6.0,False,7.0,False,8.0,False,-1.0,压下一板,后半段,sz002580,圣阳股份,6,华远控股,5.0,6.0,6.0,7.0,7.0,7.0
2026-04-16,6,6,70,3191,6.0,False,7.0,False,8.0,False,0.0,触压,后半段,sz002580,圣阳股份,0,,6.0,7.0,7.0,7.0,7.0,7.0
2026-04-17,7,7,60,3190,6.0,True,7.0,False,8.0,False,1.0,突破,后半段,sz002580,圣阳股份,0,,6.0,6.0,6.0,6.0,6.0,6.0
2026-04-20,6,6,73,3189,7.0,False,7.0,False,8.0,False,-1.0,压下一板,后半段,sz002297,博云新材,7,圣阳股份,6.0,4.0,4.0,5.0,5.0,5.0
2026-04-21,4,4,46,3189,7.0,False,7.0,False,8.0,False,-3.0,深度压缩,后半段,sh600961,株冶集团,6,博云新材,7.0,4.0,4.0,5.0,5.0,5.0
2026-04-22,4,4,50,3187,7.0,False,7.0,False,8.0,False,-3.0,深度压缩,后半段,sz002081|sz003018,金 螳 螂、金富科技,4,株冶集团,6.0,5.0,5.0,5.0,5.0,5.0
2026-04-23,5,5,45,3186,7.0,False,7.0,False,8.0,False,-2.0,深度压缩,后半段,sz002081,金 螳 螂,0,,4.0,3.0,3.0,5.0,5.0,5.0
2026-04-24,3,3,53,3184,7.0,False,7.0,False,7.0,False,-4.0,深度压缩,后半段,sh603318|sz001234,水发燃气、泰慕士,5,金 螳 螂,4.0,4.0,4.0,5.0,5.0,6.0
2026-04-27,4,4,57,3183,6.0,False,7.0,False,7.0,False,-2.0,深度压缩,后半段,sh603318,水发燃气,0,,5.0,5.0,5.0,5.0,5.0,6.0
2026-04-28,5,5,54,3180,5.0,False,7.0,False,7.0,False,0.0,触压,后半段,sh603318,水发燃气,0,,5.0,3.0,3.0,4.0,5.0,6.0
2026-04-29,3,3,93,3158,5.0,False,7.0,False,7.0,False,-2.0,深度压缩,后半段,sh603095|sz002210,越剑智能、飞马国际,5,水发燃气,5.0,4.0,4.0,5.0,5.0,6.0
2026-04-30,4,4,69,3159,5.0,False,7.0,False,7.0,False,-1.0,压下一板,后半段,sh603095,越剑智能,0,,5.0,4.0,4.0,5.0,5.0,7.0
2026-05-06,4,4,89,3180,5.0,False,7.0,False,7.0,False,-1.0,压下一板,后半段,sh600379|sh603399|sz002081,宝光股份、永杉锂业、金 螳 螂,4,越剑智能,5.0,5.0,5.0,5.0,6.0,8.0
2026-05-07,5,5,92,3181,5.0,False,6.0,False,7.0,False,0.0,触压,后半段,sz002081,金 螳 螂,0,,4.0,4.0,4.0,5.0,6.0,8.0
2026-05-08,4,4,90,3180,5.0,False,5.0,False,7.0,False,-1.0,压下一板,后半段,sh603045,福达合金,5,金 螳 螂,4.0,5.0,5.0,6.0,6.0,8.0
2026-05-11,5,5,77,3181,5.0,False,5.0,False,7.0,False,0.0,触压,后半段,sh603045,福达合金,0,,5.0,5.0,5.0,6.0,6.0,8.0
2026-05-12,5,5,51,3181,5.0,False,5.0,False,7.0,False,0.0,触压,后半段,sh601991,大唐发电,5,福达合金,5.0,6.0,6.0,6.0,7.0,8.0
2026-05-13,6,6,102,3183,5.0,True,5.0,True,7.0,False,1.0,突破,后半段,sh601991,大唐发电,0,,5.0,5.0,5.0,6.0,8.0,8.0
2026-05-14,5,5,50,3182,6.0,False,6.0,False,7.0,False,-1.0,压下一板,后半段,sz002918,蒙娜丽莎,6,大唐发电,5.0,6.0,6.0,7.0,8.0,8.0
2026-05-15,6,6,47,3182,6.0,False,6.0,False,7.0,False,0.0,触压,后半段,sz002918,蒙娜丽莎,0,,6.0,6.0,6.0,8.0,8.0,8.0
2026-05-18,6,6,72,3185,6.0,False,6.0,False,7.0,False,0.0,触压,后半段,sz001259,利仁科技,6,蒙娜丽莎,6.0,7.0,7.0,8.0,8.0,8.0
2026-05-19,7,7,76,3180,6.0,True,6.0,True,7.0,False,1.0,突破,后半段,sz001259,利仁科技,0,,6.0,8.0,8.0,8.0,8.0,8.0
2026-05-20,8,8,52,3183,7.0,False,7.0,False,7.0,True,1.0,突破,后半段,sz001259,利仁科技,0,,6.0,7.0,7.0,7.0,7.0,7.0
2026-05-21,7,7,31,3186,8.0,False,8.0,False,8.0,False,-1.0,压下一板,后半段,sh603779,威龙股份,8,利仁科技,6.0,3.0,3.0,4.0,4.0,5.0
2026-05-22,3,3,100,3187,8.0,False,8.0,False,8.0,False,-5.0,深度压缩,后半段,sh600611|sz000518|sz002442,大众交通、四环生物、龙星科技,7,威龙股份,8.0,4.0,4.0,4.0,5.0,5.0
2026-05-25,4,4,91,3188,8.0,False,8.0,False,8.0,False,-4.0,深度压缩,后半段,sz000518,四环生物,0,,7.0,3.0,3.0,4.0,5.0,6.0
2026-05-26,3,3,45,3188,8.0,False,8.0,False,8.0,False,-5.0,深度压缩,后半段,sh600172|sz000510|sz002552|sz002585,黄河旋风、新金路、宝鼎科技、双星新材,4,四环生物,7.0,3.0,3.0,5.0,5.0,6.0
2026-05-27,3,3,46,3188,8.0,False,8.0,False,8.0,False,-5.0,深度压缩,后半段,sh600162|sh600726|sz000509,香江控股、华电能源、华塑控股,3,黄河旋风、新金路、宝鼎科技、双星新材,4.0,4.0,4.0,5.0,5.0,6.0
2026-05-28,4,4,88,3187,7.0,False,8.0,False,8.0,False,-3.0,深度压缩,后半段,sh600162|sh600726|sz000509,香江控股、华电能源、华塑控股,0,,3.0,5.0,5.0,5.0,5.0,6.0
2026-05-29,5,5,46,3186,4.0,True,8.0,False,8.0,False,1.0,突破,后半段,sh600162|sh600726,香江控股、华电能源,0,,3.0,4.0,4.0,4.0,5.0,6.0
2026-06-01,4,4,109,3188,5.0,False,8.0,False,8.0,False,-1.0,压下一板,后半段,sh603011|sz000539,合锻智能、粤电力Ａ,5,香江控股、华电能源,3.0,3.0,3.0,4.0,6.0,6.0
2026-06-02,3,3,57,3187,5.0,False,8.0,False,8.0,False,-2.0,深度压缩,后半段,sh600280|sh603890,中央商场、春秋电子,4,合锻智能、粤电力Ａ,5.0,3.0,3.0,5.0,6.0,6.0
2026-06-03,3,3,60,3190,5.0,False,8.0,False,8.0,False,-2.0,深度压缩,后半段,sh600121|sh600367|sh600403|sh603330,郑州煤电、红星发展、大有能源、天洋新材,3,中央商场、春秋电子,4.0,4.0,4.0,6.0,6.0,6.0
2026-06-04,4,4,67,3190,5.0,False,7.0,False,8.0,False,-1.0,压下一板,后半段,sh600367|sh600403|sh603330,XD红星发、大有能源、天洋新材,0,,3.0,5.0,5.0,6.0,6.0,6.0
2026-06-05,5,5,65,3191,5.0,False,5.0,False,8.0,False,0.0,触压,后半段,sh600403,大有能源,0,,3.0,6.0,6.0,6.0,6.0,6.0
2026-06-08,6,6,46,3193,5.0,True,5.0,True,8.0,False,1.0,突破,后半段,sh600403,大有能源,0,,3.0,3.0,3.0,4.0,4.0,5.0
2026-06-09,3,3,108,3192,6.0,False,6.0,False,8.0,False,-3.0,深度压缩,后半段,sz002254|sz002354,泰和新材、天娱数科,6,大有能源,3.0,4.0,4.0,4.0,4.0,5.0
2026-06-10,4,4,64,3191,6.0,False,6.0,False,8.0,False,-2.0,深度压缩,后半段,sz002354,天娱数科,0,,6.0,3.0,3.0,4.0,4.0,5.0
2026-06-11,3,3,56,3189,6.0,False,6.0,False,8.0,False,-3.0,深度压缩,后半段,sh600500|sh603065|sz000048|sz002971,中化国际、XD宿迁联、京基智农、和远气体,4,天娱数科,6.0,4.0,4.0,4.0,4.0,6.0
2026-06-12,4,4,83,3190,6.0,False,6.0,False,8.0,False,-2.0,深度压缩,后半段,sh600500|sh603065|sz002971,中化国际、宿迁联盛、和远气体,0,,4.0,3.0,3.0,4.0,5.0,6.0
2026-06-15,3,3,128,3187,6.0,False,6.0,False,8.0,False,-3.0,深度压缩,后半段,sh601958|sz000032|sz000510|sz001257,金钼股份、深桑达Ａ、新金路、盛龙股份,4,中化国际、宿迁联盛、和远气体,4.0,4.0,4.0,4.0,5.0,6.0
2026-06-16,4,4,107,3191,4.0,False,6.0,False,8.0,False,0.0,触压,后半段,sz000032|sz001257,深桑达Ａ、盛龙股份,0,,4.0,3.0,3.0,5.0,5.0,6.0
2026-06-17,3,3,67,3188,4.0,False,6.0,False,8.0,False,-1.0,压下一板,后半段,sh600110|sh600353|sh601636|sh603002|sh603115|sh603186|sh603618|sz000777|sz002080|sz002741,诺德股份、旭光电子、旗滨集团、宏昌电子、海星股份、华正新材、杭电股份、中核科技、中材科技、光华科技,4,深桑达Ａ、盛龙股份,4.0,4.0,4.0,5.0,5.0,6.0
2026-06-18,4,4,76,3186,4.0,False,6.0,False,7.0,False,0.0,触压,后半段,sh600353,旭光电子,0,,4.0,5.0,5.0,5.0,6.0,6.0
2026-06-22,5,5,123,3187,4.0,True,6.0,False,6.0,False,1.0,突破,后半段,sh600353,旭光电子,0,,4.0,5.0,5.0,5.0,6.0,6.0
2026-06-23,5,5,87,3188,5.0,False,6.0,False,6.0,False,0.0,触压,后半段,sh600397,江钨装备,5,旭光电子,4.0,4.0,4.0,6.0,6.0,6.0
2026-06-24,4,4,87,3186,5.0,False,5.0,False,6.0,False,-1.0,压下一板,后半段,sh603407|sz002167|sz002674,长裕集团、东方锆业、兴业科技,5,江钨装备,5.0,5.0,5.0,6.0,6.0,7.0
2026-06-25,5,5,78,3185,5.0,False,5.0,False,6.0,False,0.0,触压,后半段,sz002674,兴业科技,0,,5.0,6.0,6.0,6.0,6.0,8.0
2026-06-26,6,6,51,3188,5.0,True,5.0,True,6.0,False,1.0,突破,后半段,sz002674,兴业科技,0,,5.0,3.0,3.0,3.0,4.0,8.0
2026-06-29,3,3,90,3187,6.0,False,6.0,False,6.0,False,-3.0,深度压缩,后半段,sh603956,威派格,6,兴业科技,5.0,3.0,3.0,4.0,5.0,8.0
2026-06-30,3,3,114,3182,6.0,False,6.0,False,6.0,False,-3.0,深度压缩,后半段,sh603928,兴业股份,3,威派格,6.0,3.0,3.0,4.0,6.0,8.0
2026-07-01,3,3,131,3184,6.0,False,6.0,False,6.0,False,-3.0,深度压缩,后半段,sh600113|sz000566|sz002407,浙江东日、海南海药、多氟多,3,兴业股份,3.0,4.0,4.0,5.0,7.0,8.0
2026-07-02,4,4,85,3189,6.0,False,6.0,False,6.0,False,-2.0,深度压缩,后半段,sz000566,海南海药,0,,3.0,4.0,4.0,6.0,8.0,8.0
2026-07-03,4,3,93,3188,6.0,False,6.0,False,6.0,False,-2.0,深度压缩,后半段,sh603137,恒尚节能,4,海南海药,3.0,5.0,5.0,7.0,8.0,8.0
2026-07-06,5,4,61,3189,4.0,True,6.0,False,6.0,False,1.0,突破,后半段,sh603137,恒尚节能,0,,4.0,6.0,6.0,8.0,8.0,8.0
2026-07-07,6,5,30,3188,5.0,False,6.0,False,6.0,False,1.0,突破,后半段,sh603137,恒尚节能,0,,4.0,7.0,7.0,8.0,8.0,8.0
2026-07-08,7,6,41,3189,6.0,False,6.0,True,6.0,True,1.0,突破,后半段,sh603137,恒尚节能,0,,4.0,8.0,8.0,8.0,8.0,8.0
2026-07-09,8,7,64,3189,7.0,False,7.0,False,7.0,False,1.0,突破,后半段,sh603137,恒尚节能,0,,4.0,2.0,2.0,3.0,5.0,6.0
2026-07-10,2,2,79,3189,8.0,False,8.0,False,8.0,False,-6.0,深度压缩,后半段,sh600992|sh603898|sz000887|sz000892|sz001395|sz002346|sz002414|sz002829|sz003020,贵绳股份、好莱客、中鼎股份、欢瑞世纪、亚联机械、柘中股份、高德红外、星网宇达、立方制药,8,恒尚节能,4.0,3.0,3.0,4.0,5.0,6.0
2026-07-13,3,3,25,3190,8.0,False,8.0,False,8.0,False,-5.0,深度压缩,后半段,sh600992|sz001395|sz003020,贵绳股份、亚联机械、立方制药,0,,8.0,3.0,3.0,5.0,5.0,6.0
2026-07-14,3,3,71,3190,8.0,False,8.0,False,8.0,False,-5.0,深度压缩,后半段,sh600664,哈药股份,3,贵绳股份、亚联机械、立方制药,8.0,4.0,4.0,5.0,5.0,6.0
2026-07-15,4,4,65,3191,8.0,False,8.0,False,8.0,False,-4.0,深度压缩,后半段,sh600664,哈药股份,0,,3.0,5.0,5.0,5.0,5.0,7.0
2026-07-16,5,5,37,3191,8.0,False,8.0,False,8.0,False,-3.0,深度压缩,后半段,sh600664,哈药股份,0,,3.0,4.0,4.0,4.0,6.0,8.0
2026-07-17,4,4,29,3189,5.0,False,8.0,False,8.0,False,-1.0,压下一板,后半段,sh603580,艾艾精工,5,哈药股份,3.0,3.0,3.0,5.0,6.0,9.0
2026-07-20,3,3,49,3191,5.0,False,8.0,False,8.0,False,-2.0,深度压缩,后半段,sz001258,立新能源,4,艾艾精工,5.0,4.0,4.0,6.0,6.0,9.0
2026-07-21,4,4,82,3191,5.0,False,8.0,False,8.0,False,-1.0,压下一板,后半段,sz001258,立新能源,0,,4.0,5.0,5.0,6.0,6.0,9.0
2026-07-22,5,5,41,3190,5.0,False,8.0,False,8.0,False,0.0,触压,后半段,sz001258,立新能源,0,,4.0,6.0,6.0,6.0,7.0,9.0
2026-07-23,6,6,104,3190,5.0,True,8.0,False,8.0,False,1.0,突破,后半段,sz001258,立新能源,0,,4.0,4.0,4.0,6.0,8.0,10.0
2026-07-24,4,4,36,3190,6.0,False,6.0,False,8.0,False,-2.0,深度压缩,后半段,sh603221|sz002879,爱丽家居、长缆科技,6,立新能源,4.0,5.0,5.0,7.0,9.0,10.0
2026-07-27,5,5,100,3189,6.0,False,6.0,False,8.0,False,-1.0,压下一板,后半段,sh603221|sz002879,爱丽家居、长缆科技,0,,6.0,6.0,6.0,8.0,9.0,10.0
2026-07-28,6,6,56,3189,6.0,False,6.0,False,8.0,False,0.0,触压,后半段,sh603221,爱丽家居,0,,6.0,7.0,7.0,9.0,9.0,10.0
2026-07-29,7,7,73,3188,6.0,True,6.0,True,8.0,False,1.0,突破,后半段,sh603221,爱丽家居,0,,6.0,8.0,8.0,9.0,9.0,10.0
2026-07-30,8,8,46,3189,7.0,False,7.0,False,8.0,False,1.0,突破,后半段,sh603221,爱丽家居,0,,6.0,9.0,9.0,9.0,10.0,10.0
2026-07-31,9,9,87,3188,8.0,False,8.0,False,8.0,True,1.0,突破,后半段,sh603221,爱丽家居,0,,6.0,6.0,6.0,8.0,10.0,10.0
2026-08-03,6,6,67,3188,9.0,False,9.0,False,9.0,False,-3.0,深度压缩,后半段,sz003032,传智教育,0,,6.0,7.0,7.0,10.0,10.0,10.0
2026-08-04,7,7,123,3189,9.0,False,9.0,False,9.0,False,-2.0,深度压缩,后半段,sz003032,传智教育,0,,6.0,8.0,8.0,10.0,10.0,10.0
2026-08-05,8,8,94,3190,9.0,False,9.0,False,9.0,False,-1.0,压下一板,后半段,sz003032,传智教育,0,,6.0,10.0,10.0,10.0,10.0,10.0
2026-08-06,10,5,70,3192,9.0,True,9.0,True,9.0,True,1.0,突破,后半段,sh603221,爱丽家居,8,传智教育,6.0,4.0,4.0,6.0,7.0,7.0
2026-08-07,4,4,57,3192,10.0,False,10.0,False,10.0,False,-6.0,深度压缩,后半段,sh600721|sh603773|sz001267|sz002428|sz002552,百花医药、沃格光电、汇绿生态、云南锗业、宝鼎科技,10,爱丽家居,8.0,5.0,5.0,7.0,7.0,7.0
2026-08-10,5,5,94,3193,10.0,False,10.0,False,10.0,False,-5.0,深度压缩,后半段,sh600721|sz002552,百花医药、宝鼎科技,0,,10.0,6.0,6.0,7.0,7.0,7.0
2026-08-11,6,6,53,3191,10.0,False,10.0,False,10.0,False,-4.0,深度压缩,后半段,sh600721,百花医药,0,,10.0,7.0,7.0,7.0,7.0,7.0
2026-08-12,7,7,86,3191,10.0,False,10.0,False,10.0,False,-3.0,深度压缩,后半段,sh600721,百花医药,0,,10.0,5.0,5.0,5.0,5.0,5.0
2026-08-13,5,5,50,3191,10.0,False,10.0,False,10.0,False,-5.0,深度压缩,后半段,sh603758,秦安股份,7,百花医药,10.0,3.0,3.0,4.0,4.0,6.0
2026-08-14,3,3,51,3191,7.0,False,10.0,False,10.0,False,-4.0,深度压缩,后半段,sh603330|sz000936|sz001260|sz002081|sz002172,天洋新材、华西股份、坤泰股份、金 螳 螂、澳洋健康,5,秦安股份,7.0,4.0,4.0,4.0,4.0,7.0
2026-08-17,4,4,92,3189,7.0,False,10.0,False,10.0,False,-3.0,深度压缩,后半段,sh603330|sz002081|sz002172,天洋新材、金 螳 螂、澳洋健康,0,,5.0,4.0,4.0,4.0,4.0,7.0
2026-08-18,4,4,70,3189,7.0,False,10.0,False,10.0,False,-3.0,深度压缩,后半段,sh600613,神奇制药,4,天洋新材、金 螳 螂、澳洋健康,5.0,3.0,3.0,4.0,5.0,7.0
2026-08-19,3,3,32,3189,7.0,False,10.0,False,10.0,False,-4.0,深度压缩,后半段,sh600127|sh603395|sz000505,金健米业、红四方、京粮控股,4,神奇制药,4.0,4.0,4.0,4.0,5.0,7.0
2026-08-20,4,4,59,3188,5.0,False,10.0,False,10.0,False,-1.0,压下一板,后半段,sh600127,金健米业,0,,4.0,3.0,3.0,5.0,6.0,7.0
2026-08-21,3,3,47,3188,4.0,False,7.0,False,10.0,False,-1.0,压下一板,后半段,sz002412,汉森制药,4,金健米业,4.0,4.0,4.0,5.0,7.0,7.0
2026-08-24,4,4,44,3190,4.0,False,7.0,False,10.0,False,0.0,触压,后半段,sz002412,汉森制药,0,,4.0,5.0,5.0,6.0,7.0,7.0
2026-08-25,5,5,61,3189,4.0,True,7.0,False,10.0,False,1.0,突破,后半段,sz002412,汉森制药,0,,4.0,5.0,5.0,7.0,7.0,7.0
2026-08-26,5,5,49,3190,5.0,False,7.0,False,10.0,False,0.0,触压,后半段,sz000017,深中华A,5,汉森制药,4.0,6.0,6.0,7.0,7.0,7.0
2026-08-27,6,6,68,3190,5.0,True,5.0,True,10.0,False,1.0,突破,后半段,sz000017,深中华A,0,,5.0,7.0,7.0,7.0,7.0,7.0
2026-08-28,7,7,78,3189,6.0,False,6.0,False,10.0,False,1.0,突破,后半段,sz000017,深中华A,0,,5.0,6.0,6.0,7.0,7.0,7.0
2026-08-31,6,6,79,3190,7.0,False,7.0,False,10.0,False,-1.0,压下一板,后半段,sz002084,海鸥住工,7,深中华A,5.0,7.0,7.0,7.0,7.0,7.0
2026-09-01,7,7,76,3190,7.0,False,7.0,False,10.0,False,0.0,触压,后半段,sz002084,海鸥住工,0,,7.0,5.0,5.0,5.0,6.0,6.0
2026-09-02,5,5,50,3191,7.0,False,7.0,False,10.0,False,-2.0,深度压缩,后半段,sh600540,新赛股份,7,海鸥住工,7.0,5.0,5.0,6.0,6.0,
2026-09-03,5,5,42,3191,7.0,False,7.0,False,10.0,False,-2.0,深度压缩,后半段,sh601086,国芳集团,5,新赛股份,7.0,5.0,5.0,6.0,6.0,
2026-09-04,5,5,38,3189,7.0,False,7.0,False,7.0,False,-2.0,深度压缩,后半段,sh605577,龙版传媒,5,国芳集团,5.0,6.0,6.0,6.0,6.0,
2026-09-07,6,6,86,3188,7.0,False,7.0,False,7.0,False,-1.0,压下一板,后半段,sh605577,龙版传媒,0,,5.0,4.0,4.0,5.0,5.0,
2026-09-08,4,4,71,3189,7.0,False,7.0,False,7.0,False,-3.0,深度压缩,后半段,sh600108|sh600865|sz002403,亚盛集团、百大集团、爱仕达,6,龙版传媒,5.0,5.0,5.0,5.0,5.0,
2026-09-09,5,5,48,3188,6.0,False,7.0,False,7.0,False,-1.0,压下一板,后半段,sh600865,百大集团,0,,6.0,4.0,4.0,4.0,,
2026-09-10,4,4,34,3187,6.0,False,7.0,False,7.0,False,-2.0,深度压缩,后半段,sz000978,桂林旅游,5,百大集团,6.0,4.0,4.0,5.0,,
2026-09-11,4,4,39,3188,6.0,False,7.0,False,7.0,False,-2.0,深度压缩,后半段,sz002790,瑞尔特,4,桂林旅游,5.0,4.0,4.0,,,
2026-09-14,4,4,48,3187,6.0,False,7.0,False,7.0,False,-2.0,深度压缩,后半段,sz000993,闽东电力,4,瑞尔特,4.0,5.0,5.0,,,
2026-09-15,5,5,31,3184,5.0,False,7.0,False,7.0,False,0.0,触压,后半段,sz000993,闽东电力,0,,4.0,,,,,
