日期,up,down,zt,dt,flat,date_str
20250919,0.0,0.0,0.0,0.0,,
20250922,0.0,0.0,0.0,0.0,,
20250923,0.0,0.0,0.0,0.0,,
20250924,0.0,0.0,0.0,0.0,,
20250925,0.0,0.0,0.0,0.0,,
20250926,0.0,0.0,0.0,0.0,,
20250929,0.0,0.0,0.0,0.0,,
20250930,0.0,0.0,0.0,0.0,,
20251009,0.0,0.0,0.0,0.0,,
20251010,0.0,0.0,0.0,0.0,,
20251013,0.0,0.0,0.0,0.0,,
20251014,0.0,0.0,0.0,0.0,,
20251015,0.0,0.0,0.0,0.0,,
20251016,0.0,0.0,0.0,0.0,,
20251017,0.0,0.0,0.0,0.0,,
20251020,0.0,0.0,0.0,0.0,,
20251021,0.0,0.0,0.0,0.0,,
20251022,0.0,0.0,0.0,0.0,,
20251023,0.0,0.0,0.0,0.0,,
20251024,0.0,0.0,0.0,0.0,,
20251027,0.0,0.0,0.0,0.0,,
20251028,0.0,0.0,0.0,0.0,,
20251029,0.0,0.0,0.0,0.0,,
20251030,0.0,0.0,0.0,0.0,,
20251031,0.0,0.0,0.0,0.0,,
20251103,0.0,0.0,0.0,0.0,,
20251104,822.0,4289.0,39.0,10.0,,
20251105,3093.0,1733.0,80.0,3.0,,
20251106,2722.0,2090.0,82.0,17.0,,
20251107,1955.0,2897.0,68.0,10.0,,
20251110,3186.0,1742.0,87.0,13.0,,
20251111,2545.0,2312.0,87.0,5.0,,
20251112,1564.0,3353.0,73.0,14.0,,
20251113,3612.0,1203.0,112.0,1.0,,
20251114,1846.0,3033.0,86.0,22.0,,
20251117,2452.0,2472.0,107.0,8.0,,
20251118,1189.0,3812.0,53.0,55.0,,
20251119,1102.0,3914.0,63.0,25.0,,
20251120,1319.0,3578.0,47.0,17.0,,
20251121,318.0,4796.0,33.0,124.0,,
20251124,3969.0,1022.0,94.0,30.0,,
20251125,3983.0,884.0,99.0,9.0,,
20251126,1558.0,3311.0,82.0,13.0,,
20251127,2637.0,2158.0,67.0,15.0,,
20251128,3912.0,999.0,92.0,7.0,,
20251201,3060.0,1783.0,76.0,7.0,,
20251202,1467.0,3447.0,55.0,7.0,,
20251203,1345.0,3592.0,59.0,18.0,,
20251204,1348.0,3579.0,44.0,22.0,,
20251205,4066.0,902.0,94.0,3.0,,
20251208,3103.0,1726.0,104.0,2.0,,
20251209,1238.0,3752.0,64.0,10.0,,
20251210,2257.0,2590.0,66.0,7.0,,
20251211,713.0,4336.0,43.0,27.0,,
20251212,2451.0,2421.0,101.0,23.0,,
20251215,2120.0,2774.0,68.0,14.0,,
20251216,839.0,4205.0,45.0,29.0,,
20251217,3420.0,1454.0,68.0,25.0,,
20251218,2673.0,2158.0,69.0,8.0,,
20251219,4161.0,822.0,91.0,5.0,,
20251222,2749.0,2060.0,101.0,14.0,,
20251223,1413.0,3550.0,68.0,19.0,,
20251224,3912.0,964.0,96.0,8.0,,
20251225,3509.0,1292.0,107.0,0.0,,
20251226,1712.0,3153.0,97.0,5.0,,
20251229,1891.0,3020.0,92.0,26.0,,
20251230,1662.0,3251.0,69.0,19.0,,
20251231,2281.0,2530.0,73.0,11.0,,
20260105,3907.0,1071.0,158.0,15.0,,
20260106,3748.0,1149.0,137.0,1.0,,
20260107,2010.0,2952.0,118.0,8.0,,
20260108,3452.0,1472.0,123.0,5.0,,
20260109,3625.0,1211.0,154.0,2.0,,
20260112,3816.0,1128.0,297.0,4.0,,
20260113,1475.0,3505.0,94.0,109.0,,
20260114,2497.0,2434.0,158.0,21.0,,
20260115,2103.0,2857.0,75.0,101.0,,
20260116,2204.0,2762.0,92.0,69.0,,
20260119,3350.0,1600.0,107.0,34.0,,
20260120,2094.0,2879.0,71.0,28.0,,
20260121,2899.0,1978.0,112.0,9.0,,
20260122,3290.0,1631.0,97.0,4.0,,
20260123,3632.0,1275.0,157.0,1.0,,
20260126,1508.0,3515.0,101.0,81.0,,
20260127,1812.0,3194.0,89.0,4.0,,
20260128,1597.0,3411.0,106.0,17.0,,
20260129,1671.0,3326.0,104.0,23.0,,
20260130,2297.0,2662.0,73.0,69.0,,
20260202,704.0,4378.0,46.0,159.0,,
20260203,4555.0,497.0,119.0,11.0,,
20260204,3244.0,2125.0,79.0,18.0,,
20260205,1610.0,3711.0,56.0,28.0,,
20260206,2743.0,2546.0,73.0,6.0,,
20260209,4604.0,754.0,118.0,3.0,,
20260210,2189.0,3118.0,72.0,5.0,,
20260211,2043.0,3234.0,60.0,15.0,,
20260212,2104.0,3269.0,86.0,20.0,,
20260213,1534.0,3819.0,38.0,17.0,,
20260224,3998.0,1386.0,121.0,36.0,,
20260225,3736.0,1607.0,105.0,5.0,,
20260226,2479.0,2860.0,90.0,5.0,,
20260227,3264.0,2061.0,94.0,0.0,,
20260302,1142.0,4267.0,119.0,14.0,,
20260303,642.0,4793.0,84.0,137.0,,
20260304,1741.0,3629.0,57.0,25.0,,
20260305,4071.0,1299.0,98.0,6.0,,
20260306,4252.0,1147.0,105.0,2.0,,
20260309,1421.0,3950.0,47.0,7.0,,
20260310,4523.0,848.0,68.0,3.0,,
20260311,2049.0,3281.0,55.0,2.0,,
20260312,1492.0,3880.0,68.0,8.0,,
20260313,1496.0,3821.0,66.0,23.0,,
20260316,2832.0,2490.0,52.0,11.0,,
20260317,865.0,4528.0,41.0,34.0,,
20260318,3546.0,1824.0,,,,
20260319,501.0,4944.0,,,,
20260320,655.0,4777.0,,,,
20260323,300.0,5162.0,,,,
20260324,5124.0,326.0,,,,
20260325,4867.0,551.0,,,,
20260326,914.0,4480.0,,,,
20260327,4325.0,1068.0,,,,
20260330,2865.0,2452.0,,,,
20260331,1007.0,4363.0,93.0,4.0,,
20260401,4490.0,875.0,93.0,4.0,,
20260402,1046.0,4368.0,93.0,4.0,,
20260403,713.0,4732.0,93.0,4.0,,
20260407,3972.0,1415.0,,,,
20260408,5163.0,295.0,,,,
20260409,1139.0,4284.0,,,,
20260410,3967.0,1389.0,79.0,1.0,,
20260413,2372.0,2950.0,79.0,1.0,,
20260414,3715.0,1588.0,79.0,1.0,,
20260415,1835.0,3533.0,79.0,1.0,,
20260416,4282.0,1067.0,,,,
20260417,2390.0,2979.0,58.0,29.0,,
20260420,3422.0,1886.0,58.0,29.0,,
20260421,1939.0,3428.0,58.0,29.0,,
20260422,2916.0,2425.0,58.0,29.0,,
20260423,1327.0,4068.0,58.0,29.0,,
20260424,2031.0,3342.0,58.0,29.0,,
20260427,3280.0,2095.0,58.0,29.0,,
20260428,1697.0,3673.0,99.0,11.0,,
20260429,3968.0,1398.0,99.0,11.0,,
20260430,2863.0,2475.0,,,,
20260506,3887.0,1485.0,97.0,1.0,,
20260507,3519.0,1832.0,97.0,1.0,,
20260508,3632.0,1733.0,,,,
20260511,3112.0,2246.0,,,,
20260512,1378.0,4049.0,,,,
20260513,3208.0,2140.0,,,,
20260514,1045.0,4389.0,101.0,8.0,,
20260515,1802.0,3595.0,101.0,8.0,,
20260518,2369.0,3007.0,101.0,8.0,,
20260519,3595.0,1785.0,101.0,8.0,,
20260520,1632.0,3809.0,101.0,8.0,,
20260521,690.0,4778.0,101.0,8.0,,
20260522,3850.0,1525.0,101.0,8.0,,
20260525,2172.0,3234.0,101.0,8.0,,
20260526,1340.0,4095.0,101.0,8.0,,
20260527,964.0,4496.0,101.0,8.0,,
20260528,2988.0,2396.0,,,,
20260529,1509.0,3918.0,,,,
20260601,3755.0,1698.0,78.0,7.0,,
20260602,1536.0,3879.0,78.0,7.0,,
20260603,1703.0,3733.0,78.0,7.0,,
20260604,1331.0,4128.0,78.0,7.0,,
20260605,3228.0,2155.0,,,,
20260608,890.0,4591.0,0.0,0.0,,
20260609,3297.0,2068.0,0.0,0.0,,
20260610,1533.0,3900.0,0.0,0.0,,
20260611,1351.0,4082.0,0.0,0.0,,
20260612,3897.0,1534.0,0.0,0.0,,
20260615,3882.0,1493.0,0.0,0.0,,
20260616,2712.0,2691.0,0.0,0.0,,
20260617,1709.0,3745.0,0.0,0.0,,
20260618,1991.0,3423.0,0.0,0.0,,
20260622,2905.0,2472.0,149.0,6.0,,
20260623,2755.0,2651.0,,,,
20260624,1428.0,4033.0,,,,
20260625,1227.0,4229.0,,,,
20260626,776.0,4686.0,,,,
20260629,2454.0,2942.0,,,,
20260630,3038.0,2376.0,,,,
20260701,4320.0,1151.0,,,,
20260702,2210.0,3165.0,,,,
20260703,3791.0,1637.0,46.0,40.0,,
20260706,1867.0,3548.0,,,,
20260707,690.0,4796.0,46.0,40.0,,
20260708,1579.0,3799.0,,,,
20260709,2473.0,2899.0,,,,
20260710,3739.0,1707.0,,,,
20260713,793.0,4689.0,,,,
20260714,4202.0,1254.0,,,,
20260715,3341.0,2105.0,,,,
20260716,2484.0,2874.0,,,,
20260717,475.0,5007.0,,,,
20260720,1738.0,3711.0,,,,
20260721,3102.0,2305.0,,,,
20260722,1518.0,3886.0,,,,
20260723,4249.0,1218.0,,,,
20260724,554.0,4939.0,,,,
20260727,5189.0,289.0,,,,
20260728,2596.0,2776.0,,,,
20260729,4249.0,1216.0,,,,
20260730,1760.0,3642.0,,,,
20260731,4683.0,735.0,,,,
20260803,4001.0,1469.0,,,,
20260804,3641.0,1747.0,,,,
20260805,3722.0,1623.0,,,,
